<?xml version="1.0" encoding='utf-8' standalone='no'?>
<resources xmlns:xliff="urn:oasis:names:tc:xliff:document:1.2">
<!-- third_party/java_src/android_libs/android_wear/wearable_support/java/android/support/wearable/res/values/color.xml -->
<eat-comment/>
<array name="progress_spinner_sequence"><item>#FFF4B400</item>
<item>#FFDB4437</item>
<item>#FF4285F4</item>
<item>#FF0F9D58</item>
</array>
<!-- third_party/java_src/android_libs/android_wear/wearable_support/java/android/support/wearable/res/values/config.xml -->
<eat-comment/>
<bool name="action_choose_expand_selected">true</bool>
<bool name="action_choose_symmetrical_dimen">false</bool>
<!-- third_party/java_src/android_libs/android_wear/wearable_support/java/android/support/wearable/res/values/color.xml -->
<eat-comment/>
<color name="action_button_background">#4D000000</color>
<color name="ambient_mode_text">@color/primary_text_dark</color>
<color name="black">#000000</color>
<color name="black_54p">#8A000000</color>
<color name="black_86p">#DE000000</color>
<color name="blue">#2979FF</color>
<color name="card_default_background">#E0E0E0</color>
<color name="circular_button_disabled">@color/grey</color>
<color name="circular_button_normal">#0288D1</color>
<color name="circular_button_pressed">#01579B</color>
<!-- third_party/java_src/android_libs/android_wear/wearable_support/java/android/support/wearable/res/values/complication_drawable.xml -->
<eat-comment/>
<color name="complicationDrawable_backgroundColor">#00000000</color>
<color name="complicationDrawable_borderColor">#80000000</color>
<color name="complicationDrawable_highlightColor">#4DFFFFFF</color>
<color name="complicationDrawable_iconColor">#FFFFFFFF</color>
<color name="complicationDrawable_rangedValuePrimaryColor">#FFFFFFFF</color>
<color name="complicationDrawable_rangedValueSecondaryColor">#80FFFFFF</color>
<color name="complicationDrawable_textColor">#FFFFFFFF</color>
<color name="complicationDrawable_titleColor">#80FFFFFF</color>
<!-- third_party/java_src/android_libs/android_wear/wearable_support/java/android/support/wearable/res/values/color.xml -->
<eat-comment/>
<color name="dark_blue">#1565C0</color>
<color name="dark_grey">#424242</color>
<color name="dark_red">#D32F2F</color>
<color name="dialog_background">#414141</color>
<color name="dialog_shade_background">#606060</color>
<color name="disabled_text_light">#E0E0E0</color>
<color name="dismiss_close">#FF5151</color>
<color name="dismiss_close_pressed">#B83120</color>
<color name="dismiss_overlay_bg">#80000000</color>
<color name="green">#00C853</color>
<color name="grey">#757575</color>
<color name="light_grey">#bdbdbd</color>
<color name="orange">#FF6D3F</color>
<color name="primary_text_dark">@color/white</color>
<color name="primary_text_light">@color/dark_grey</color>
<color name="red">#FF5252</color>
<color name="secondary_text_light">#9E9E9E</color>
<color name="semitransparent_grey">#66777777</color>
<color name="white">#FFFFFF</color>
<!-- third_party/java_src/android_libs/android_wear/wearable_support/java/android/support/wearable/res/values/dimens.xml -->
<eat-comment/>
<item name="action_chooser_base_radius_percent" format="float" type="dimen">.25</item>
<item name="action_chooser_bounce_in_percent" format="float" type="dimen">.1</item>
<item name="action_chooser_icon_height_percent" format="float" type="dimen">.5</item>
<item name="action_chooser_max_radius_percent" format="float" type="dimen">.5</item>
<!-- third_party/java_src/android_libs/android_wear/wearable_support/java/android/support/wearable/res/values/floats.xml -->
<eat-comment/>
<item name="action_chooser_min_drag_select_percent" format="float" type="dimen">.5</item>
<item name="action_chooser_min_swipe_select_percent" format="float" type="dimen">.25</item>
<!-- third_party/java_src/android_libs/android_wear/wearable_support/java/android/support/wearable/res/values/dimens.xml -->
<eat-comment/>
<dimen name="action_drawer_expand_icon_top_margin">-3dp</dimen>
<dimen name="action_drawer_item_bottom_padding">8dp</dimen>
<dimen name="action_drawer_item_icon_padding">7dp</dimen>
<dimen name="action_drawer_item_icon_right_margin">8dp</dimen>
<dimen name="action_drawer_item_icon_size">36dp</dimen>
<dimen name="action_drawer_item_text_size">14sp</dimen>
<dimen name="action_drawer_item_top_padding">8dp</dimen>
<dimen name="action_drawer_peek_top_padding">2dp</dimen>
<dimen name="action_drawer_peek_view_height">43dp</dimen>
<dimen name="card_content_padding_rect_top">4dp</dimen>
<dimen name="circular_button_elevation">1dp</dimen>
<dimen name="circular_button_elevation_pressed">6dp</dimen>
<dimen name="close_button_diameter">104dp</dimen>
<!-- third_party/java_src/android_libs/android_wear/wearable_support/java/android/support/wearable/res/values/complication_drawable.xml -->
<eat-comment/>
<dimen name="complicationDrawable_borderDashGap">1dp</dimen>
<dimen name="complicationDrawable_borderDashWidth">1dp</dimen>
<dimen name="complicationDrawable_borderRadius">65536dp</dimen>
<dimen name="complicationDrawable_borderWidth">1dp</dimen>
<dimen name="complicationDrawable_rangedValueRingWidth">2dp</dimen>
<dimen name="complicationDrawable_textSize">14sp</dimen>
<dimen name="complicationDrawable_titleSize">14sp</dimen>
<!-- third_party/java_src/android_libs/android_wear/wearable_support/java/android/support/wearable/res/values/dimens.xml -->
<eat-comment/>
<dimen name="confirmation_overlay_image_size">64dp</dimen>
<dimen name="confirmation_overlay_text_size">14sp</dimen>
<dimen name="diag_button_bottom_padding">10dp</dimen>
<dimen name="diag_button_bottom_padding_round">32dp</dimen>
<dimen name="diag_button_side_padding_right_round">22dp</dimen>
<dimen name="diag_content_bottom_padding">10dp</dimen>
<dimen name="diag_content_side_padding">16dp</dimen>
<dimen name="diag_content_side_padding_round">36dp</dimen>
<dimen name="diag_content_top_padding">10dp</dimen>
<dimen name="diag_content_top_padding_round">30dp</dimen>
<dimen name="diag_floating_height">16dp</dimen>
<dimen name="diag_shade_height_rect">90dp</dimen>
<dimen name="diag_shade_height_round">108dp</dimen>
<dimen name="dismiss_padding">16dp</dimen>
<dimen name="drawer_view_edge_size">38dp</dimen>
<dimen name="nav_drawer_single_page_circle_radius">24dp</dimen>
<dimen name="nav_drawer_single_page_icon_padding">6dp</dimen>
<dimen name="nav_drawer_single_page_icon_size">28dp</dimen>
<dimen name="nav_drawer_text_size">12sp</dimen>
<dimen name="peek_view_bottom_padding">8dp</dimen>
<dimen name="peek_view_icon_size">22dp</dimen>
<dimen name="peek_view_top_padding">8dp</dimen>
<!-- third_party/java_src/android_libs/android_wear/wearable_support/java/android/support/wearable/res/values/dimens_percent.xml -->
<eat-comment/>
<dimen name="screen_percentage_05">0dp</dimen>
<dimen name="screen_percentage_10">0dp</dimen>
<dimen name="screen_percentage_12">0dp</dimen>
<dimen name="screen_percentage_15">0dp</dimen>
<!-- third_party/java_src/android_libs/android_wear/wearable_support/java/android/support/wearable/res/values/dimens.xml -->
<eat-comment/>
<dimen name="wearable_drawer_view_elevation">12dp</dimen>
<dimen name="wrv_curve_default_x_offset">24dp</dimen>
<item name="action_drawer_item_first_item_top_padding" type="fraction">15%</item>
<item name="action_drawer_item_last_item_bottom_padding" type="fraction">15%</item>
<item name="action_drawer_item_left_padding" type="fraction">15%</item>
<item name="action_drawer_item_right_padding" type="fraction">10%</item>
<item name="confirmation_overlay_margin_above_text" type="fraction">5%</item>
<item name="confirmation_overlay_margin_side" type="fraction">4.167%</item>
<fraction name="nav_drawer_margin_2_items">20%</fraction>
<fraction name="nav_drawer_margin_3_items">16%</fraction>
<fraction name="nav_drawer_margin_4_items_horizontal">13%</fraction>
<fraction name="nav_drawer_margin_4_items_vertical">16.9%</fraction>
<fraction name="nav_drawer_margin_5_items_horizontal_middle_row">13%</fraction>
<fraction name="nav_drawer_margin_5_items_horizontal_outer_rows">27.4%</fraction>
<fraction name="nav_drawer_margin_5_items_vertical">16.9%</fraction>
<fraction name="nav_drawer_margin_6_items_horizontal">16%</fraction>
<fraction name="nav_drawer_margin_6_items_vertical">26.8%</fraction>
<fraction name="nav_drawer_margin_7_items_horizontal_middle_row">13%</fraction>
<fraction name="nav_drawer_margin_7_items_horizontal_outer_rows">27.4%</fraction>
<fraction name="nav_drawer_margin_7_items_vertical">16.9%</fraction>
<fraction name="nav_drawer_text_margin">13%</fraction>
<!-- third_party/java_src/android_libs/android_wear/wearable_support/java/android/support/wearable/res/values/ids.xml -->
<eat-comment/>

<item name="wearable_support_navigation_drawer_view_pager" type="id"/>

<item name="wearable_support_overlay_confirmation" type="id"/>
<!-- third_party/java_src/android_libs/android_wear/wearable_support/java/android/support/wearable/res/values/integers.xml -->
<eat-comment/>
<integer name="action_choose_expand_full_duration">1000</integer>
<integer name="action_chooser_anim_duration">250</integer>
<integer name="action_chooser_bounce_delay">500</integer>
<integer name="action_chooser_confirmation_duration">500</integer>
<!-- third_party/java_src/android_libs/android_wear/wearable_support/java/android/support/wearable/res/values/complication_drawable.xml -->
<eat-comment/>
<integer name="complicationDrawable_borderStyle">1</integer>
<!-- third_party/java_src/android_libs/android_wear/wearable_support/java/android/support/wearable/res/values/strings.xml -->
<eat-comment/>
<plurals name="time_difference_short_days"><item quantity="one"><xliff:g id="number_of_days">%d</xliff:g>d</item>
<item quantity="other"><xliff:g id="number_of_days">%d</xliff:g>d</item>
</plurals>
<plurals name="time_difference_short_hours"><item quantity="one"><xliff:g id="number_of_hours">%d</xliff:g>h</item>
<item quantity="other"><xliff:g id="number_of_hours">%d</xliff:g>h</item>
</plurals>
<plurals name="time_difference_short_minutes"><item quantity="one"><xliff:g id="number_of_minutes">%d</xliff:g>m</item>
<item quantity="other"><xliff:g id="number_of_minutes">%d</xliff:g>m</item>
</plurals>
<plurals name="time_difference_words_days"><item quantity="one"><xliff:g id="number_of_days">%d</xliff:g> day</item>
<item quantity="other"><xliff:g id="number_of_days">%d</xliff:g> days</item>
</plurals>
<plurals name="time_difference_words_hours"><item quantity="one"><xliff:g id="number_of_hours">%d</xliff:g> hour</item>
<item quantity="other"><xliff:g id="number_of_hours">%d</xliff:g> hours</item>
</plurals>
<plurals name="time_difference_words_minutes"><item quantity="one"><xliff:g id="number_of_minutes">%d</xliff:g> min</item>
<item quantity="other"><xliff:g id="number_of_minutes">%d</xliff:g> mins</item>
</plurals>
<string name="buttons_rect_bottom_center">Bottom</string>
<string name="buttons_rect_bottom_left">Bottom left</string>
<string name="buttons_rect_bottom_right">Bottom right</string>
<string name="buttons_rect_left_bottom">Bottom, left side</string>
<string name="buttons_rect_left_center">Center left</string>
<string name="buttons_rect_left_top">Top, left side</string>
<string name="buttons_rect_right_bottom">Bottom, right side</string>
<string name="buttons_rect_right_center">Center right</string>
<string name="buttons_rect_right_top">Top, right side</string>
<string name="buttons_rect_top_center">Top</string>
<string name="buttons_rect_top_left">Top left</string>
<string name="buttons_rect_top_right">Top right</string>
<string name="buttons_round_bottom_center">Bottom</string>
<string name="buttons_round_bottom_left">Bottom left</string>
<string name="buttons_round_bottom_left_lower">Bottom left, lower</string>
<string name="buttons_round_bottom_left_upper">Bottom left, upper</string>
<string name="buttons_round_bottom_right">Bottom right</string>
<string name="buttons_round_bottom_right_lower">Bottom right, lower</string>
<string name="buttons_round_bottom_right_upper">Bottom right, upper</string>
<string name="buttons_round_center_left">Center left</string>
<string name="buttons_round_center_right">Center right</string>
<string name="buttons_round_top_center">Top</string>
<string name="buttons_round_top_left">Top left</string>
<string name="buttons_round_top_left_lower">Top left, lower</string>
<string name="buttons_round_top_left_upper">Top left, upper</string>
<string name="buttons_round_top_right">Top right</string>
<string name="buttons_round_top_right_lower">Top right, lower</string>
<string name="buttons_round_top_right_upper">Top right, upper</string>
<!-- third_party/java_src/android_libs/android_wear/wearable_support/java/android/support/wearable/res/values/complication_drawable.xml -->
<eat-comment/>
<string name="complicationDrawable_noDataText" translatable="false">--</string>
<string name="complicationDrawable_textTypeface">sans-serif-condensed</string>
<string name="complicationDrawable_titleTypeface">sans-serif-condensed</string>
<!-- third_party/java_src/android_libs/android_wear/wearable_support/java/android/support/wearable/res/values/strings.xml -->
<eat-comment/>
<string name="dismiss_overlay_button_label">Quit</string>
<string name="generic_cancel">Cancel</string>
<string name="generic_yes">Yes</string>
<string name="navigation_drawer_content_description">Navigation drawer</string>
<string name="time_difference_now">Now</string>
<string name="time_difference_short_days_and_hours"><xliff:g id="short_days" example="3d">%1$s</xliff:g>\u0020<xliff:g id="short_hours" example="13h">%2$s</xliff:g></string>
<string name="time_difference_short_hours_and_minutes"><xliff:g id="short_hours" example="13h">%1$s</xliff:g>\u0020<xliff:g id="short_minutes" example="58m">%2$s</xliff:g></string>
<!-- third_party/java_src/android_libs/android_wear/wearable_support/java/android/support/wearable/res/values/styles.xml -->
<eat-comment/>
<style name="ConfirmationActivity" parent="android:Theme.Translucent.NoTitleBar.Fullscreen">
<item name="android:activityOpenEnterAnimation">@null</item>
<item name="android:windowAnimationStyle">@null</item>
<item name="android:windowEnterAnimation">@null</item>
</style>
<style name="SinglePageNavDrawerIconStyle">
<item name="android:layout_width">@dimen/nav_drawer_single_page_icon_size</item>
<item name="android:layout_height">@dimen/nav_drawer_single_page_icon_size</item>
<item name="android:padding">@dimen/nav_drawer_single_page_icon_padding</item>
<item name="circle_color">#33ffffff</item>
<item name="android:clipToPadding">false</item>
<item name="circle_radius">@dimen/nav_drawer_single_page_circle_radius</item>
</style>
<style name="SinglePageNavDrawerTextStyle">
<item name="android:layout_width">match_parent</item>
<item name="android:layout_height">wrap_content</item>
<item name="android:textSize">@dimen/nav_drawer_text_size</item>
<item name="layout_marginEndPercent">@fraction/nav_drawer_text_margin</item>
<item name="android:maxLines">2</item>
<item name="android:gravity">center</item>
<item name="layout_marginTopPercent">@fraction/nav_drawer_text_margin</item>
<item name="layout_marginStartPercent">@fraction/nav_drawer_text_margin</item>
<item name="android:fontFamily">sans-serif-condensed</item>
</style>
<!-- third_party/java_src/android_libs/android_wear/wearable_support/java/android/support/wearable/res/values/attrs.xml -->
<eat-comment/>
<declare-styleable name="AcceptDenyDialogPreference">
<attr name="dialogTitle" format="string"/>

<attr name="dialogMessage" format="string"/>

<attr name="dialogIcon" format="reference"/>

<attr name="showPositiveDialogButton" format="boolean"/>

<attr name="showNegativeDialogButton" format="boolean"/>
</declare-styleable>
<declare-styleable name="AcceptDenySwitchPreference">
<attr name="dialogTitle"/>

<attr name="dialogMessage"/>

<attr name="dialogIcon"/>

<attr name="showPositiveDialogButton"/>

<attr name="showNegativeDialogButton"/>

<attr name="showDialogWhenTurningOn" format="boolean"/>

<attr name="showDialogWhenTurningOff" format="boolean"/>
</declare-styleable>
<declare-styleable name="ActionLabel">
<attr name="android:textColor"/>

<attr name="android:maxLines"/>

<attr name="android:fontFamily"/>

<attr name="android:typeface"/>

<attr name="android:textStyle"/>

<attr name="android:text"/>

<attr name="android:gravity"/>

<attr name="android:lineSpacingExtra"/>

<attr name="android:lineSpacingMultiplier"/>

<attr name="minTextSize" format="dimension"/>

<attr name="maxTextSize" format="dimension"/>
</declare-styleable>
<declare-styleable name="ActionPage">
<attr name="android:src"/>

<attr name="android:color"/>

<attr name="buttonRippleColor"/>

<attr name="android:elevation"/>

<attr name="android:stateListAnimator"/>

<attr name="pressedButtonTranslationZ"/>

<attr name="android:textColor"/>

<attr name="android:maxLines"/>

<attr name="android:fontFamily"/>

<attr name="android:typeface"/>

<attr name="android:textStyle"/>

<attr name="android:text"/>

<attr name="maxTextSize"/>

<attr name="minTextSize"/>

<attr name="android:gravity"/>

<attr name="imageScaleMode"/>

<attr name="android:lineSpacingExtra"/>

<attr name="android:lineSpacingMultiplier"/>
</declare-styleable>
<declare-styleable name="BoxInsetLayout_Layout"><attr name="layout_box">
<flag name="left" value="0x01"/>
<flag name="top" value="0x02"/>
<flag name="right" value="0x04"/>
<flag name="bottom" value="0x08"/>
<flag name="all" value="0x0F"/>
</attr>
</declare-styleable>
<declare-styleable name="CircledImageView">
<attr name="android:src"/>

<attr name="circle_color" format="color"/>

<attr name="circle_radius" format="dimension"/>

<attr name="circle_radius_pressed" format="dimension"/>

<attr name="circle_border_width" format="dimension"/>

<attr name="circle_border_color" format="color"/>
<attr name="circle_border_cap">
<enum name="butt" value="0"/>

<enum name="round" value="1"/>

<enum name="square" value="2"/>

</attr>

<attr name="circle_padding" format="dimension"/>

<attr name="shadow_width" format="dimension"/>

<attr name="image_circle_percentage" format="dimension"/>

<attr name="image_horizontal_offcenter_percentage" format="dimension"/>

<attr name="image_tint" format="color"/>

<attr name="circle_radius_percent" format="fraction"/>

<attr name="circle_radius_pressed_percent" format="fraction"/>
<attr name="square_dimen">
<enum name="none" value="0"/>

<enum name="height" value="1"/>

<enum name="width" value="2"/>

</attr>
</declare-styleable>
<declare-styleable name="CircularButton">
<attr name="android:src"/>
<attr name="imageScaleMode">
<enum name="fit" value="0"/>

<enum name="center" value="1"/>

</attr>

<attr name="android:color"/>

<attr name="android:clickable"/>

<attr name="buttonRippleColor" format="color|reference"/>

<attr name="android:elevation"/>

<attr name="android:stateListAnimator"/>

<attr name="pressedButtonTranslationZ" format="dimension"/>
</declare-styleable>
<declare-styleable name="ComplicationDrawable">
<attr name="backgroundColor" format="color"/>

<attr name="backgroundDrawable" format="reference"/>

<attr name="textColor" format="color"/>

<attr name="titleColor" format="color"/>

<attr name="textTypeface" format="string"/>

<attr name="titleTypeface" format="string"/>

<attr name="textSize" format="dimension"/>

<attr name="titleSize" format="dimension"/>

<attr name="iconColor" format="dimension"/>

<attr name="borderColor" format="color"/>

<attr name="borderRadius" format="dimension"/>
<attr name="borderStyle">
<enum name="none" value="0"/>

<enum name="solid" value="1"/>

<enum name="dashed" value="2"/>

</attr>

<attr name="borderDashWidth" format="dimension"/>

<attr name="borderDashGap" format="dimension"/>

<attr name="borderWidth" format="dimension"/>

<attr name="rangedValueRingWidth" format="dimension"/>

<attr name="rangedValuePrimaryColor" format="dimension"/>

<attr name="rangedValueSecondaryColor" format="dimension"/>

<attr name="highlightColor" format="color"/>
</declare-styleable>
<declare-styleable name="DelayedConfirmationView">
<attr name="update_interval" format="integer"/>
</declare-styleable>
<declare-styleable name="DotsPageIndicator">
<attr name="dotSpacing" format="dimension"/>

<attr name="dotRadius" format="dimension"/>

<attr name="dotRadiusSelected" format="dimension"/>

<attr name="dotColor" format="color"/>

<attr name="dotColorSelected" format="color"/>

<attr name="dotFadeWhenIdle" format="boolean"/>

<attr name="dotFadeOutDelay" format="integer"/>

<attr name="dotFadeOutDuration" format="integer"/>

<attr name="dotFadeInDuration" format="integer"/>

<attr name="dotShadowColor" format="color"/>

<attr name="dotShadowRadius" format="dimension"/>

<attr name="dotShadowDx" format="dimension"/>

<attr name="dotShadowDy" format="dimension"/>
</declare-styleable>
<declare-styleable name="PageIndicatorView">
<attr name="pageIndicatorDotSpacing" format="dimension"/>

<attr name="pageIndicatorDotRadius" format="dimension"/>

<attr name="pageIndicatorDotRadiusSelected" format="dimension"/>

<attr name="pageIndicatorDotColor" format="color"/>

<attr name="pageIndicatorDotColorSelected" format="color"/>

<attr name="pageIndicatorDotFadeWhenIdle" format="boolean"/>

<attr name="pageIndicatorDotFadeOutDelay" format="integer"/>

<attr name="pageIndicatorDotFadeOutDuration" format="integer"/>

<attr name="pageIndicatorDotFadeInDuration" format="integer"/>

<attr name="pageIndicatorDotShadowColor" format="color"/>

<attr name="pageIndicatorDotShadowRadius" format="dimension"/>

<attr name="pageIndicatorDotShadowDx" format="dimension"/>

<attr name="pageIndicatorDotShadowDy" format="dimension"/>
</declare-styleable>
<declare-styleable name="ProgressSpinner">
<attr name="color_sequence" format="color|reference"/>
</declare-styleable>
<declare-styleable name="WatchViewStub">
<attr name="rectLayout" format="reference"/>

<attr name="roundLayout" format="reference"/>
</declare-styleable>
<declare-styleable name="WearableActionDrawer">
<attr name="action_menu" format="reference"/>

<attr name="drawer_title" format="string"/>

<attr name="show_overflow_in_peek" format="boolean"/>
</declare-styleable>
<declare-styleable name="WearableDialogPreference">
<attr name="neutralButtonText" format="string"/>

<attr name="positiveButtonIcon" format="reference"/>

<attr name="neutralButtonIcon" format="reference"/>

<attr name="negativeButtonIcon" format="reference"/>
</declare-styleable>
<declare-styleable name="WearableDrawerView">
<attr name="peek_view" format="reference"/>

<attr name="drawer_content" format="reference"/>
</declare-styleable>
<declare-styleable name="WearableFrameLayout"><attr name="layout_gravityRound">
<flag name="top" value="0x30"/>
<flag name="bottom" value="0x50"/>
<flag name="left" value="0x03"/>
<flag name="right" value="0x05"/>
<flag name="center_vertical" value="0x10"/>
<flag name="fill_vertical" value="0x70"/>
<flag name="center_horizontal" value="0x01"/>
<flag name="fill_horizontal" value="0x07"/>
<flag name="center" value="0x11"/>
<flag name="fill" value="0x77"/>
<flag name="clip_vertical" value="0x80"/>
<flag name="clip_horizontal" value="0x08"/>
<flag name="start" value="0x00800003"/>
<flag name="end" value="0x00800005"/>
</attr>

<attr name="layout_widthRound" format="dimension"/>

<attr name="layout_heightRound" format="dimension"/>

<attr name="layout_marginRound" format="dimension"/>

<attr name="layout_marginLeftRound" format="dimension"/>

<attr name="layout_marginTopRound" format="dimension"/>

<attr name="layout_marginRightRound" format="dimension"/>

<attr name="layout_marginBottomRound" format="dimension"/>

<attr name="android:foregroundGravity"/>

<attr name="android:foreground"/>

<attr name="android:measureAllChildren"/>

<attr name="android:foregroundTint"/>
</declare-styleable>
<declare-styleable name="WearableNavigationDrawer"><attr name="navigation_style">
<enum name="single_page" value="0"/>

<enum name="multi_page" value="1"/>

</attr>
</declare-styleable>
<declare-styleable name="WearableRecyclerView">
<attr name="bezel_width" format="fraction"/>

<attr name="circular_scrolling_gesture_enabled" format="boolean"/>

<attr name="scroll_degrees_per_screen" format="float"/>
</declare-styleable>
</resources>