<?xml version="1.0" encoding="utf-8"?>
<resources>
    <declare-styleable name="PercentLayout_Layout"><attr format="fraction" name="layout_widthPercent"/><attr format="fraction" name="layout_heightPercent"/><attr format="fraction" name="layout_marginPercent"/><attr format="fraction" name="layout_marginLeftPercent"/><attr format="fraction" name="layout_marginTopPercent"/><attr format="fraction" name="layout_marginRightPercent"/><attr format="fraction" name="layout_marginBottomPercent"/><attr format="fraction" name="layout_marginStartPercent"/><attr format="fraction" name="layout_marginEndPercent"/><attr format="fraction" name="layout_aspectRatio"/></declare-styleable>
</resources>